-- phpMyAdmin SQL Dump
-- version 4.5.4.1deb2ubuntu2.1
-- http://www.phpmyadmin.net
--
-- Хост: localhost
-- Время создания: Июн 27 2019 г., 21:35
-- Версия сервера: 5.7.26-0ubuntu0.16.04.1
-- Версия PHP: 7.1.30-1+ubuntu16.04.1+deb.sury.org+1

SET SQL_MODE = "NO_AUTO_VALUE_ON_ZERO";
SET time_zone = "+00:00";


/*!40101 SET @OLD_CHARACTER_SET_CLIENT=@@CHARACTER_SET_CLIENT */;
/*!40101 SET @OLD_CHARACTER_SET_RESULTS=@@CHARACTER_SET_RESULTS */;
/*!40101 SET @OLD_COLLATION_CONNECTION=@@COLLATION_CONNECTION */;
/*!40101 SET NAMES utf8mb4 */;

--
-- База данных: `bot`
--

-- --------------------------------------------------------

--
-- Структура таблицы `history`
--

CREATE TABLE `history` (
  `id` int(11) NOT NULL,
  `user_id` int(11) NOT NULL,
  `upgrade_id` int(11) NOT NULL,
  `price` varchar(111) NOT NULL
) ENGINE=InnoDB DEFAULT CHARSET=utf8;

--
-- Дамп данных таблицы `history`
--

INSERT INTO `history` (`id`, `user_id`, `upgrade_id`, `price`) VALUES
(1, 5, 14, '48516827.112'),
(2, 5, 15, '51809181.802'),
(3, 1, 14, '20.484'),
(4, 13, 8, '3488.763'),
(5, 5, 13, '51610759.571'),
(6, 5, 8, '52885017.789'),
(7, 5, 7, '50306774.239'),
(8, 5, 6, '2.94'),
(9, 5, 12, '52106388.227'),
(10, 5, 11, '6.106'),
(11, 18, 10, '4577639.16'),
(12, 16, 8, '28399.489'),
(13, 18, 2, '0.409'),
(14, 18, 1, '3.036'),
(15, 19, 8, '321.998'),
(16, 19, 7, '157.18'),
(17, 18, 7, '4221012.676'),
(18, 18, 4, '4189741.779'),
(19, 18, 3, '7.396'),
(20, 19, 6, '133.041'),
(21, 18, 13, '4330424.155'),
(22, 18, 12, '4372010.102'),
(23, 18, 11, '4189741.779'),
(24, 18, 9, '1.268'),
(25, 18, 8, '4437341.368'),
(26, 18, 15, '4347072.863'),
(27, 5, 5, '0.91'),
(28, 18, 14, '4477908.986'),
(29, 19, 14, '137.807'),
(30, 19, 15, '1317.705'),
(31, 18, 6, '4323079.707'),
(32, 19, 5, '129.293'),
(33, 4, 7, '3.473'),
(34, 4, 6, '2.43'),
(35, 19, 4, '28.061'),
(36, 19, 3, '5.557'),
(37, 19, 3, '0.385'),
(38, 4, 8, '16.775'),
(39, 4, 8, '16.775'),
(40, 18, 5, '4201250.991'),
(41, 19, 1, '0.061'),
(42, 16, 15, '6660.308'),
(43, 16, 7, '27014.961'),
(44, 19, 13, '1.829'),
(45, 19, 11, '0.619'),
(46, 19, 10, '0.347'),
(47, 19, 2, '0.055'),
(48, 16, 6, '27668.201'),
(49, 16, 5, '28.137'),
(50, 16, 4, '1.097'),
(51, 16, 3, '0.682'),
(52, 20, 1, '50632.241'),
(53, 20, 3, '47552.904'),
(54, 5, 10, '0.42'),
(55, 20, 4, '47504.095'),
(56, 25, 1, '0.061'),
(57, 21, 8, '1969.315'),
(58, 21, 7, '25.699'),
(59, 16, 14, '58.443'),
(60, 6, 8, '798094.848'),
(61, 6, 7, '759186.232'),
(62, 6, 6, '777543.885'),
(63, 6, 5, '755631.92'),
(64, 6, 4, '43185.541'),
(65, 6, 1, '2901.66'),
(66, 6, 3, '16667.004'),
(67, 20, 5, '29577.332'),
(68, 20, 6, '44559.914'),
(69, 21, 15, '381.693'),
(70, 21, 2, '0.061'),
(71, 14, 14, '46155.81'),
(72, 20, 8, '45737.661'),
(73, 20, 7, '43507.864'),
(74, 14, 15, '44807.223'),
(75, 14, 8, '55342.57'),
(76, 14, 7, '52644.515'),
(77, 14, 6, '6021.406'),
(78, 6, 15, '781859.265'),
(79, 6, 14, '805391.292'),
(80, 6, 14, '11.563'),
(81, 6, 13, '778864.848'),
(82, 6, 12, '786344.446'),
(83, 6, 12, '0.946'),
(84, 6, 12, '0.946'),
(85, 27, 2, '0.055'),
(86, 31, 1, '0.089'),
(87, 28, 1, '0.098'),
(88, 28, 9, '0.188'),
(89, 28, 2, '0.055'),
(90, 29, 1, '0.108'),
(91, 29, 3, '0.424'),
(92, 29, 5, '0.91'),
(93, 29, 7, '97.596'),
(94, 28, 3, '0.466'),
(95, 28, 10, '0.347'),
(96, 29, 8, '2166.247'),
(97, 29, 8, '16.775'),
(98, 28, 7, '6467.166'),
(99, 35, 2, '0.061'),
(100, 35, 1, '0.074'),
(101, 29, 6, '0.936'),
(102, 15, 8, '6798.612'),
(103, 15, 7, '7113.883'),
(104, 15, 7, '1.106'),
(105, 28, 13, '1.663'),
(106, 28, 8, '17633.848'),
(107, 28, 6, '6021.406'),
(108, 28, 15, '614.72'),
(109, 27, 13, '2.434'),
(110, 27, 13, '1.663'),
(111, 27, 14, '13.991'),
(112, 27, 8, '77.084'),
(113, 37, 9, '0.228'),
(114, 37, 2, '0.055'),
(115, 37, 10, '0.347'),
(116, 37, 12, '207069.069'),
(117, 37, 13, '205099.457'),
(118, 37, 8, '210163.317'),
(119, 37, 7, '219909.209'),
(120, 37, 6, '204751.605'),
(121, 27, 15, '110.563'),
(122, 27, 7, '37.627'),
(123, 37, 15, '205887.981'),
(124, 37, 14, '212084.698'),
(125, 39, 1, '0.067'),
(126, 39, 9, '0.171'),
(127, 39, 4, '22161.011'),
(128, 37, 5, '218879.65'),
(129, 39, 7, '22326.414'),
(130, 39, 6, '22866.282'),
(131, 42, 2, '0.061'),
(132, 39, 8, '21336.956'),
(133, 39, 5, '22221.887'),
(134, 45, 2, '0.231'),
(135, 45, 9, '0.715'),
(136, 45, 10, '2.339'),
(137, 42, 4, '0.563'),
(138, 45, 11, '2.589'),
(139, 45, 12, '8.482'),
(140, 39, 15, '20902.9'),
(141, 45, 13, '26.367'),
(142, 39, 14, '21532.025'),
(143, 39, 14, '11.563'),
(144, 39, 13, '20822.844'),
(145, 39, 12, '8105.204'),
(146, 39, 12, '0.946'),
(147, 42, 7, '28.269'),
(148, 45, 14, '32.989'),
(149, 48, 2, '0.055'),
(150, 42, 13, '26.367'),
(151, 50, 1, '0.081'),
(152, 52, 2, '0.055'),
(153, 50, 9, '0.171'),
(154, 50, 2, '0.055'),
(155, 45, 7, '80.658'),
(156, 45, 8, '102.598'),
(157, 37, 4, '7.389'),
(158, 45, 6, '26.322'),
(159, 45, 5, '8.965'),
(160, 45, 5, '0.827'),
(161, 45, 4, '7.389'),
(162, 45, 3, '2.592'),
(163, 45, 1, '0.879'),
(164, 50, 13, '3.24'),
(165, 50, 11, '0.563'),
(166, 53, 1, '0.119'),
(167, 50, 7, '88.724'),
(168, 50, 14, '12.719'),
(169, 50, 15, '260.702'),
(170, 42, 8, '43.512'),
(171, 42, 14, '94.124'),
(172, 42, 15, '315.449'),
(173, 5, 2, '0.191'),
(174, 5, 9, '0.171'),
(175, 50, 8, '321.998'),
(176, 53, 3, '0.385'),
(177, 53, 7, '9.907'),
(178, 53, 6, '1.371'),
(179, 54, 2, '0.061'),
(180, 53, 8, '16.775'),
(181, 56, 1, '0.061'),
(182, 52, 9, '0.171'),
(183, 59, 1, '0.061'),
(184, 57, 2, '0.055'),
(185, 57, 9, '0.171'),
(186, 57, 1, '0.081'),
(187, 59, 10, '0.347'),
(188, 59, 6, '1083.003'),
(189, 59, 7, '1057.433'),
(190, 59, 13, '1084.842'),
(191, 61, 1, '356.457'),
(192, 59, 8, '1479.575'),
(193, 62, 1, '0.067'),
(194, 61, 3, '334.777'),
(195, 59, 14, '1019.809'),
(196, 59, 14, '11.563'),
(197, 61, 13, '1.663'),
(198, 61, 7, '336.931'),
(199, 61, 6, '345.077'),
(200, 61, 5, '335.353'),
(201, 61, 8, '5618.687'),
(202, 61, 2, '0.081'),
(203, 61, 4, '334.434'),
(204, 61, 4, '0.563'),
(205, 61, 4, '0.563'),
(206, 65, 2, '0.055'),
(207, 6, 11, '0.563'),
(208, 65, 1, '0.131'),
(209, 65, 3, '0.424'),
(210, 61, 15, '147.159'),
(211, 66, 1, '23620.314'),
(212, 65, 7, '34.206'),
(213, 65, 6, '1.508'),
(214, 65, 5, '1.773'),
(215, 65, 8, '16.775'),
(216, 59, 15, '2334.396'),
(217, 59, 15, '110.563'),
(218, 66, 7, '24559.055'),
(219, 59, 12, '1095.26'),
(220, 66, 8, '23470.652'),
(221, 66, 6, '22866.282'),
(222, 67, 9, '0.171'),
(223, 67, 2, '0.061'),
(224, 66, 15, '2334.396'),
(225, 66, 5, '24444.076'),
(226, 66, 4, '24377.112'),
(227, 14, 9, '0.171'),
(228, 23, 2, '0.067'),
(229, 23, 9, '0.188'),
(230, 23, 1, '0.119'),
(231, 23, 3, '0.385'),
(232, 23, 4, '0.563'),
(233, 23, 11, '0.906'),
(234, 23, 12, '4575.176'),
(235, 14, 5, '57637.853'),
(236, 23, 14, '137.807'),
(237, 23, 8, '9953.847'),
(238, 23, 13, '9714.011'),
(239, 68, 9, '0.276'),
(240, 68, 2, '0.131'),
(241, 23, 7, '4858.877'),
(242, 23, 15, '10726.493'),
(243, 23, 15, '110.563'),
(244, 68, 13, '15644.511'),
(245, 68, 14, '16177.329'),
(246, 68, 11, '1.328'),
(247, 68, 12, '15794.749'),
(248, 68, 10, '0.615'),
(249, 68, 15, '15704.658'),
(250, 15, 1, '0.081'),
(251, 15, 1, '0.061'),
(252, 15, 6, '0.936'),
(253, 23, 6, '1.03'),
(254, 23, 5, '0.91'),
(255, 68, 8, '17633.848'),
(256, 68, 7, '16774.165'),
(257, 68, 7, '1.106'),
(258, 68, 6, '14198.162'),
(259, 68, 5, '16695.632'),
(260, 68, 4, '13760.244'),
(261, 68, 4, '0.563'),
(262, 68, 3, '12522.167'),
(263, 68, 1, '12120.956'),
(264, 68, 1, '0.061'),
(265, 37, 11, '538.61'),
(266, 69, 1, '1981.873'),
(267, 70, 2, '0.067'),
(268, 15, 15, '15704.658'),
(269, 15, 14, '13369.694'),
(270, 15, 13, '345.664'),
(271, 66, 3, '24402.159'),
(272, 72, 2, '0.074'),
(273, 73, 2, '0.055'),
(274, 72, 9, '0.188'),
(275, 10, 8, '1015093144.36'),
(276, 72, 10, '0.347'),
(277, 72, 4, '37.349'),
(278, 72, 1, '52.985'),
(279, 72, 7, '336.931'),
(280, 72, 6, '259.261'),
(281, 72, 5, '41.196'),
(282, 72, 3, '37.387'),
(283, 69, 3, '1538.297'),
(284, 69, 4, '1270.015'),
(285, 72, 8, '321.998'),
(286, 69, 5, '956.803'),
(287, 66, 14, '113.89'),
(288, 69, 8, '690.232'),
(289, 69, 7, '656.583'),
(290, 69, 7, '1.106'),
(291, 69, 6, '739.705'),
(292, 69, 6, '0.936'),
(293, 10, 7, '1062166000.073'),
(294, 10, 6, '1087849915.288'),
(295, 48, 9, '0.207'),
(296, 48, 10, '0.382'),
(297, 25, 3, '0.385'),
(298, 74, 2, '0.055'),
(299, 74, 1, '0.061'),
(300, 1, 15, '195.869');

-- --------------------------------------------------------

--
-- Структура таблицы `upgrades`
--

CREATE TABLE `upgrades` (
  `id` int(11) NOT NULL,
  `name` varchar(255) NOT NULL,
  `price` varchar(111) NOT NULL,
  `speed` varchar(333) NOT NULL DEFAULT '0.001',
  `type` tinyint(1) NOT NULL
) ENGINE=InnoDB DEFAULT CHARSET=utf8;

--
-- Дамп данных таблицы `upgrades`
--

INSERT INTO `upgrades` (`id`, `name`, `price`, `speed`, `type`) VALUES
(1, 'Курсор', '0.055', '0.001', 1),
(2, 'Обычная мышка', '0.050', '0.001', 0),
(3, 'Видеокарта', '0.350', '0.003', 1),
(4, 'Стойка видеокарт', '0.512', '0.008', 1),
(5, 'Супер компьютер', '0.752', '0.010', 1),
(6, 'Сервер ВКонтакте', '0.851', '0.030', 1),
(7, 'Квантовый компьютер', '1.005', '0.080', 1),
(8, 'Видеокарта Big Bang', '15.250', '0.100', 1),
(9, 'Мышка с автокликером', '0.155', '0.003', 0),
(10, 'Мышка с макросами', '0.315', '0.008', 0),
(11, 'Мышка программиста', '0.512', '0.010', 0),
(12, 'Мышка Сатоси Накамото', '0.860', '0.030', 0),
(13, 'Мышка хакера', '1.512', '0.080', 0),
(14, 'Мышка Сноудена', '10.512', '0.100', 0),
(15, 'Мышка Админа', '100.512', '0.300', 0);

-- --------------------------------------------------------

--
-- Структура таблицы `users`
--

CREATE TABLE `users` (
  `id` int(11) UNSIGNED NOT NULL,
  `user_vk_id` int(11) UNSIGNED DEFAULT NULL,
  `nickname` varchar(191) COLLATE utf8mb4_unicode_520_ci DEFAULT NULL,
  `first_name` varchar(191) COLLATE utf8mb4_unicode_520_ci DEFAULT NULL,
  `last_name` varchar(191) COLLATE utf8mb4_unicode_520_ci DEFAULT NULL,
  `clicks` double NOT NULL,
  `reputation` double DEFAULT NULL,
  `priv` tinyint(1) UNSIGNED DEFAULT NULL,
  `pet` int(4) NOT NULL,
  `last_pet_pohod` datetime DEFAULT NULL,
  `nick` tinyint(1) UNSIGNED DEFAULT NULL,
  `house` int(11) UNSIGNED DEFAULT NULL,
  `last_house_pohod` datetime DEFAULT NULL,
  `speed` varchar(333) COLLATE utf8mb4_unicode_520_ci NOT NULL DEFAULT '0.001',
  `aspeed` varchar(333) COLLATE utf8mb4_unicode_520_ci NOT NULL DEFAULT '0.001',
  `speed_price` varchar(111) COLLATE utf8mb4_unicode_520_ci DEFAULT NULL,
  `aspeed_price` varchar(111) COLLATE utf8mb4_unicode_520_ci DEFAULT NULL,
  `history1` varchar(191) COLLATE utf8mb4_unicode_520_ci DEFAULT NULL,
  `history` int(11) UNSIGNED DEFAULT NULL,
  `h_id1` int(11) UNSIGNED DEFAULT NULL,
  `h_s1` double DEFAULT NULL,
  `history2` varchar(191) COLLATE utf8mb4_unicode_520_ci DEFAULT NULL,
  `h_id2` int(11) UNSIGNED DEFAULT NULL,
  `h_s2` double DEFAULT NULL,
  `history3` varchar(191) COLLATE utf8mb4_unicode_520_ci DEFAULT NULL,
  `h_id3` int(11) UNSIGNED DEFAULT NULL,
  `h_s3` double DEFAULT NULL,
  `history4` varchar(191) COLLATE utf8mb4_unicode_520_ci DEFAULT NULL,
  `h_id4` int(11) UNSIGNED DEFAULT NULL,
  `h_s4` double DEFAULT NULL,
  `history5` varchar(191) COLLATE utf8mb4_unicode_520_ci DEFAULT NULL,
  `h_id5` int(11) UNSIGNED DEFAULT NULL,
  `h_s5` double DEFAULT NULL,
  `history6` varchar(191) COLLATE utf8mb4_unicode_520_ci DEFAULT NULL,
  `h_id6` int(11) UNSIGNED DEFAULT NULL,
  `h_s6` double DEFAULT NULL,
  `history7` varchar(191) COLLATE utf8mb4_unicode_520_ci DEFAULT NULL,
  `h_id7` int(11) UNSIGNED DEFAULT NULL,
  `h_s7` double DEFAULT NULL,
  `history8` varchar(191) COLLATE utf8mb4_unicode_520_ci DEFAULT NULL,
  `h_id8` int(11) UNSIGNED DEFAULT NULL,
  `h_s8` double DEFAULT NULL,
  `history9` varchar(191) COLLATE utf8mb4_unicode_520_ci DEFAULT NULL,
  `h_id9` int(11) UNSIGNED DEFAULT NULL,
  `h_s9` double DEFAULT NULL,
  `history10` varchar(191) COLLATE utf8mb4_unicode_520_ci DEFAULT NULL,
  `h_id10` int(11) UNSIGNED DEFAULT NULL,
  `h_s10` double DEFAULT NULL,
  `v1` varchar(191) COLLATE utf8mb4_unicode_520_ci DEFAULT NULL,
  `viv` int(11) UNSIGNED DEFAULT NULL,
  `v_id1` int(11) UNSIGNED DEFAULT NULL,
  `v_s1` double DEFAULT NULL,
  `v2` varchar(191) COLLATE utf8mb4_unicode_520_ci DEFAULT NULL,
  `v_id2` int(11) UNSIGNED DEFAULT NULL,
  `v_s2` double DEFAULT NULL,
  `v3` varchar(191) COLLATE utf8mb4_unicode_520_ci DEFAULT NULL,
  `v_id3` int(11) UNSIGNED DEFAULT NULL,
  `v_s3` double DEFAULT NULL,
  `v4` varchar(191) COLLATE utf8mb4_unicode_520_ci DEFAULT NULL,
  `v_id4` int(11) UNSIGNED DEFAULT NULL,
  `v_s4` double DEFAULT NULL,
  `v5` varchar(191) COLLATE utf8mb4_unicode_520_ci DEFAULT NULL,
  `v_id5` int(11) UNSIGNED DEFAULT NULL,
  `v_s5` double DEFAULT NULL,
  `v6` varchar(191) COLLATE utf8mb4_unicode_520_ci DEFAULT NULL,
  `v_id6` int(11) UNSIGNED DEFAULT NULL,
  `v_s6` double DEFAULT NULL,
  `v7` varchar(191) COLLATE utf8mb4_unicode_520_ci DEFAULT NULL,
  `v_id7` int(11) UNSIGNED DEFAULT NULL,
  `v_s7` double DEFAULT NULL,
  `v8` varchar(191) COLLATE utf8mb4_unicode_520_ci DEFAULT NULL,
  `v_id8` int(11) UNSIGNED DEFAULT NULL,
  `v_s8` double DEFAULT NULL,
  `v9` varchar(191) COLLATE utf8mb4_unicode_520_ci DEFAULT NULL,
  `v_id9` int(11) UNSIGNED DEFAULT NULL,
  `v_s9` double DEFAULT NULL,
  `v10` varchar(191) COLLATE utf8mb4_unicode_520_ci DEFAULT NULL,
  `v_id10` int(11) UNSIGNED DEFAULT NULL,
  `v_s10` double DEFAULT NULL
) ENGINE=InnoDB DEFAULT CHARSET=utf8mb4 COLLATE=utf8mb4_unicode_520_ci;

--
-- Дамп данных таблицы `users`
--

INSERT INTO `users` (`id`, `user_vk_id`, `nickname`, `first_name`, `last_name`, `clicks`, `reputation`, `priv`, `pet`, `last_pet_pohod`, `nick`, `house`, `last_house_pohod`, `speed`, `aspeed`, `speed_price`, `aspeed_price`, `history1`, `history`, `h_id1`, `h_s1`, `history2`, `h_id2`, `h_s2`, `history3`, `h_id3`, `h_s3`, `history4`, `h_id4`, `h_s4`, `history5`, `h_id5`, `h_s5`, `history6`, `h_id6`, `h_s6`, `history7`, `h_id7`, `h_s7`, `history8`, `h_id8`, `h_s8`, `history9`, `h_id9`, `h_s9`, `history10`, `h_id10`, `h_s10`, `v1`, `viv`, `v_id1`, `v_s1`, `v2`, `v_id2`, `v_s2`, `v3`, `v_id3`, `v_s3`, `v4`, `v_id4`, `v_s4`, `v5`, `v_id5`, `v_s5`, `v6`, `v_id6`, `v_s6`, `v7`, `v_id7`, `v_s7`, `v8`, `v_id8`, `v_s8`, `v9`, `v_id9`, `v_s9`, `v10`, `v_id10`, `v_s10`) VALUES
(1, 161880759, 'Nikita', 'Никита', 'Тарасов', 1163.754, 0, NULL, 0, NULL, NULL, 0, NULL, '4.012', '0.851', NULL, NULL, NULL, NULL, NULL, NULL, NULL, NULL, NULL, NULL, NULL, NULL, NULL, NULL, NULL, NULL, NULL, NULL, NULL, NULL, NULL, NULL, NULL, NULL, NULL, NULL, NULL, NULL, NULL, NULL, NULL, NULL, NULL, 'Alexiy Morozov', 10, 546428322, 0.1, 'Alexiy Morozov', 546428322, 0.1, 'Alexiy Morozov', 546428322, 0.1, 'Alexiy Morozov', 546428322, 0.1, 'Alexiy Morozov', 546428322, 0.1, 'Alexiy Morozov', 546428322, 0.1, 'Alexiy Morozov', 546428322, 0.1, 'Alexiy Morozov', 546428322, 0.1, 'Alexiy Morozov', 546428322, 0.1, 'Alexiy Morozov', 546428322, 0.1),
(2, 470181307, 'Игрок 470181307', 'Некто', 'Некто', 0.968, 0, NULL, 0, NULL, NULL, 0, NULL, '0.002', '0.001', NULL, NULL, NULL, NULL, NULL, NULL, NULL, NULL, NULL, NULL, NULL, NULL, NULL, NULL, NULL, NULL, NULL, NULL, NULL, NULL, NULL, NULL, NULL, NULL, NULL, NULL, NULL, NULL, NULL, NULL, NULL, NULL, NULL, NULL, NULL, NULL, NULL, NULL, NULL, NULL, NULL, NULL, NULL, NULL, NULL, NULL, NULL, NULL, NULL, NULL, NULL, NULL, NULL, NULL, NULL, NULL, NULL, NULL, NULL, NULL, NULL, NULL, NULL, NULL),
(3, 298845865, 'Я ТРАХАЛ СЛОНА', 'Никита', 'Саяпин', 73903.847, 0, NULL, 0, NULL, NULL, 1, '2019-06-20 13:40:21', '44.226', '11.263', NULL, NULL, NULL, NULL, NULL, NULL, NULL, NULL, NULL, NULL, NULL, NULL, NULL, NULL, NULL, NULL, NULL, NULL, NULL, NULL, NULL, NULL, NULL, NULL, NULL, NULL, NULL, NULL, NULL, NULL, NULL, NULL, NULL, NULL, NULL, NULL, NULL, NULL, NULL, NULL, NULL, NULL, NULL, NULL, NULL, NULL, NULL, NULL, NULL, NULL, NULL, NULL, NULL, NULL, NULL, NULL, NULL, NULL, NULL, NULL, NULL, NULL, NULL, NULL),
(4, 546428322, 'Игрок 546428322', 'Alexiy', 'Morozov', 880.03, 0, NULL, 0, NULL, NULL, 0, NULL, '0.005', '1.487', NULL, NULL, 'Никита Тарасов', 10, 161880759, 0.1, 'Никита Тарасов', 161880759, 0.1, 'Никита Тарасов', 161880759, 0.1, 'Никита Тарасов', 161880759, 0.1, 'Никита Тарасов', 161880759, 0.1, 'Никита Тарасов', 161880759, 0.1, 'Никита Тарасов', 161880759, 0.1, 'Никита Тарасов', 161880759, 0.1, 'Никита Тарасов', 161880759, 0.1, 'Никита Тарасов', 161880759, 0.1, NULL, NULL, NULL, NULL, NULL, NULL, NULL, NULL, NULL, NULL, NULL, NULL, NULL, NULL, NULL, NULL, NULL, NULL, NULL, NULL, NULL, NULL, NULL, NULL, NULL, NULL, NULL, NULL, NULL, NULL, NULL),
(5, 140933159, 'Игрок 140933159', 'Никита', 'Майоров', 71642077.431, 1, NULL, 0, NULL, NULL, 0, NULL, '171.606', '41.681', NULL, NULL, NULL, NULL, NULL, NULL, NULL, NULL, NULL, NULL, NULL, NULL, NULL, NULL, NULL, NULL, NULL, NULL, NULL, NULL, NULL, NULL, NULL, NULL, NULL, NULL, NULL, NULL, NULL, NULL, NULL, NULL, NULL, NULL, NULL, NULL, NULL, NULL, NULL, NULL, NULL, NULL, NULL, NULL, NULL, NULL, NULL, NULL, NULL, NULL, NULL, NULL, NULL, NULL, NULL, NULL, NULL, NULL, NULL, NULL, NULL, NULL, NULL, NULL),
(6, 385657605, 'Игрок 385657605', 'Адам', 'Мамедов', 634216.296, 2, NULL, 5, '2019-06-20 17:01:49', NULL, 0, NULL, '74.716', '42.125', NULL, NULL, NULL, NULL, NULL, NULL, NULL, NULL, NULL, NULL, NULL, NULL, NULL, NULL, NULL, NULL, NULL, NULL, NULL, NULL, NULL, NULL, NULL, NULL, NULL, NULL, NULL, NULL, NULL, NULL, NULL, NULL, NULL, NULL, NULL, NULL, NULL, NULL, NULL, NULL, NULL, NULL, NULL, NULL, NULL, NULL, NULL, NULL, NULL, NULL, NULL, NULL, NULL, NULL, NULL, NULL, NULL, NULL, NULL, NULL, NULL, NULL, NULL, NULL),
(7, 385023151, 'feet', 'Ян', 'Мамаев', 64671.147, 17, NULL, 5, '2019-06-20 14:36:07', NULL, 8, '2019-06-20 14:36:17', '60.711', '30.07', NULL, NULL, NULL, NULL, NULL, NULL, NULL, NULL, NULL, NULL, NULL, NULL, NULL, NULL, NULL, NULL, NULL, NULL, NULL, NULL, NULL, NULL, NULL, NULL, NULL, NULL, NULL, NULL, NULL, NULL, NULL, NULL, NULL, NULL, NULL, NULL, NULL, NULL, NULL, NULL, NULL, NULL, NULL, NULL, NULL, NULL, NULL, NULL, NULL, NULL, NULL, NULL, NULL, NULL, NULL, NULL, NULL, NULL, NULL, NULL, NULL, NULL, NULL, NULL),
(8, 293544634, 'Игрок 293544634', 'Макс', 'Миронов', 0.327, 0, NULL, 0, NULL, NULL, 0, NULL, '0.001', '0.001', NULL, NULL, NULL, NULL, NULL, NULL, NULL, NULL, NULL, NULL, NULL, NULL, NULL, NULL, NULL, NULL, NULL, NULL, NULL, NULL, NULL, NULL, NULL, NULL, NULL, NULL, NULL, NULL, NULL, NULL, NULL, NULL, NULL, NULL, NULL, NULL, NULL, NULL, NULL, NULL, NULL, NULL, NULL, NULL, NULL, NULL, NULL, NULL, NULL, NULL, NULL, NULL, NULL, NULL, NULL, NULL, NULL, NULL, NULL, NULL, NULL, NULL, NULL, NULL),
(9, 356129532, 'Игрок 356129532', 'Артур', 'Кокоев', 2.341, 0, NULL, 0, NULL, NULL, 0, NULL, '0.011', '0.043', NULL, NULL, NULL, NULL, NULL, NULL, NULL, NULL, NULL, NULL, NULL, NULL, NULL, NULL, NULL, NULL, NULL, NULL, NULL, NULL, NULL, NULL, NULL, NULL, NULL, NULL, NULL, NULL, NULL, NULL, NULL, NULL, NULL, NULL, NULL, NULL, NULL, NULL, NULL, NULL, NULL, NULL, NULL, NULL, NULL, NULL, NULL, NULL, NULL, NULL, NULL, NULL, NULL, NULL, NULL, NULL, NULL, NULL, NULL, NULL, NULL, NULL, NULL, NULL),
(10, 547179716, 'Игрок 547179716', 'Bug', 'Dog', 1000036260.099, 0, NULL, 0, NULL, NULL, 0, NULL, '0.001', '47.701', NULL, NULL, NULL, NULL, NULL, NULL, NULL, NULL, NULL, NULL, NULL, NULL, NULL, NULL, NULL, NULL, NULL, NULL, NULL, NULL, NULL, NULL, NULL, NULL, NULL, NULL, NULL, NULL, NULL, NULL, NULL, NULL, NULL, NULL, NULL, NULL, NULL, NULL, NULL, NULL, NULL, NULL, NULL, NULL, NULL, NULL, NULL, NULL, NULL, NULL, NULL, NULL, NULL, NULL, NULL, NULL, NULL, NULL, NULL, NULL, NULL, NULL, NULL, NULL),
(11, 228667549, 'Игрок 228667549', 'Макс', 'Пуртов', 1.455, 0, NULL, 0, NULL, NULL, 0, NULL, '0.001', '0.002', NULL, NULL, NULL, NULL, NULL, NULL, NULL, NULL, NULL, NULL, NULL, NULL, NULL, NULL, NULL, NULL, NULL, NULL, NULL, NULL, NULL, NULL, NULL, NULL, NULL, NULL, NULL, NULL, NULL, NULL, NULL, NULL, NULL, NULL, NULL, NULL, NULL, NULL, NULL, NULL, NULL, NULL, NULL, NULL, NULL, NULL, NULL, NULL, NULL, NULL, NULL, NULL, NULL, NULL, NULL, NULL, NULL, NULL, NULL, NULL, NULL, NULL, NULL, NULL),
(12, 387245237, 'Игрок 387245237', 'Андрей', 'Нестеров', 5028.87, 0, NULL, 0, NULL, NULL, 0, NULL, '0.012', '16.063', NULL, NULL, NULL, NULL, NULL, NULL, NULL, NULL, NULL, NULL, NULL, NULL, NULL, NULL, NULL, NULL, NULL, NULL, NULL, NULL, NULL, NULL, NULL, NULL, NULL, NULL, NULL, NULL, NULL, NULL, NULL, NULL, NULL, 'Андрей Нестеров', 10, 387245237, 3000, 'Андрей Нестеров', 387245237, 3000, 'Андрей Нестеров', 387245237, 3000, 'Андрей Нестеров', 387245237, 3000, 'Андрей Нестеров', 387245237, 3000, 'Андрей Нестеров', 387245237, 3000, 'Андрей Нестеров', 387245237, 3000, 'Андрей Нестеров', 387245237, 2500, 'Андрей Нестеров', 387245237, 3000, 'Андрей Нестеров', 387245237, 2000),
(13, 407195585, 'Петька', 'Никита', 'Бессмертный', 5790.121, 0, NULL, 1, '2019-06-20 13:08:42', NULL, 7, '2019-06-20 13:09:43', '13.181', '20.821', NULL, NULL, NULL, NULL, NULL, NULL, NULL, NULL, NULL, NULL, NULL, NULL, NULL, NULL, NULL, NULL, NULL, NULL, NULL, NULL, NULL, NULL, NULL, NULL, NULL, NULL, NULL, NULL, NULL, NULL, NULL, NULL, NULL, NULL, NULL, NULL, NULL, NULL, NULL, NULL, NULL, NULL, NULL, NULL, NULL, NULL, NULL, NULL, NULL, NULL, NULL, NULL, NULL, NULL, NULL, NULL, NULL, NULL, NULL, NULL, NULL, NULL, NULL, NULL),
(14, 226257021, 'JopaNegra', 'Никита', 'Сафонов', 53875.664, 0, NULL, 0, '2019-06-20 13:08:47', NULL, 2, NULL, '32.805', '41.047', NULL, NULL, NULL, NULL, NULL, NULL, NULL, NULL, NULL, NULL, NULL, NULL, NULL, NULL, NULL, NULL, NULL, NULL, NULL, NULL, NULL, NULL, NULL, NULL, NULL, NULL, NULL, NULL, NULL, NULL, NULL, NULL, NULL, NULL, NULL, NULL, NULL, NULL, NULL, NULL, NULL, NULL, NULL, NULL, NULL, NULL, NULL, NULL, NULL, NULL, NULL, NULL, NULL, NULL, NULL, NULL, NULL, NULL, NULL, NULL, NULL, NULL, NULL, NULL),
(15, 364705315, 'Dozynation', 'Роман', 'Бреус', 17827.552, 0, NULL, 0, NULL, NULL, 0, NULL, '41.205', '14.636', NULL, NULL, NULL, NULL, NULL, NULL, NULL, NULL, NULL, NULL, NULL, NULL, NULL, NULL, NULL, NULL, NULL, NULL, NULL, NULL, NULL, NULL, NULL, NULL, NULL, NULL, NULL, NULL, NULL, NULL, NULL, NULL, NULL, NULL, NULL, NULL, NULL, NULL, NULL, NULL, NULL, NULL, NULL, NULL, NULL, NULL, NULL, NULL, NULL, NULL, NULL, NULL, NULL, NULL, NULL, NULL, NULL, NULL, NULL, NULL, NULL, NULL, NULL, NULL),
(16, 398832340, 'Игрок 398832340', 'Орест', 'Кисиличко', 32045.713, 0, NULL, 0, NULL, NULL, 0, NULL, '15.201', '29.178', NULL, NULL, NULL, NULL, NULL, NULL, NULL, NULL, NULL, NULL, NULL, NULL, NULL, NULL, NULL, NULL, NULL, NULL, NULL, NULL, NULL, NULL, NULL, NULL, NULL, NULL, NULL, NULL, NULL, NULL, NULL, NULL, NULL, NULL, NULL, NULL, NULL, NULL, NULL, NULL, NULL, NULL, NULL, NULL, NULL, NULL, NULL, NULL, NULL, NULL, NULL, NULL, NULL, NULL, NULL, NULL, NULL, NULL, NULL, NULL, NULL, NULL, NULL, NULL),
(17, 427453352, 'Игрок 427453352', 'Линар', 'Дебердеев', 0.434, 0, NULL, 0, NULL, NULL, 0, NULL, '0.001', '0.001', NULL, NULL, NULL, NULL, NULL, NULL, NULL, NULL, NULL, NULL, NULL, NULL, NULL, NULL, NULL, NULL, NULL, NULL, NULL, NULL, NULL, NULL, NULL, NULL, NULL, NULL, NULL, NULL, NULL, NULL, NULL, NULL, NULL, NULL, NULL, NULL, NULL, NULL, NULL, NULL, NULL, NULL, NULL, NULL, NULL, NULL, NULL, NULL, NULL, NULL, NULL, NULL, NULL, NULL, NULL, NULL, NULL, NULL, NULL, NULL, NULL, NULL, NULL, NULL),
(18, 360767360, 'Хм', 'Андрей', 'Романов', 4414853.354, 0, NULL, 0, NULL, NULL, 0, NULL, '61.756', '32.559', NULL, NULL, NULL, NULL, NULL, NULL, NULL, NULL, NULL, NULL, NULL, NULL, NULL, NULL, NULL, NULL, NULL, NULL, NULL, NULL, NULL, NULL, NULL, NULL, NULL, NULL, NULL, NULL, NULL, NULL, NULL, NULL, NULL, NULL, NULL, NULL, NULL, NULL, NULL, NULL, NULL, NULL, NULL, NULL, NULL, NULL, NULL, NULL, NULL, NULL, NULL, NULL, NULL, NULL, NULL, NULL, NULL, NULL, NULL, NULL, NULL, NULL, NULL, NULL),
(19, 476481097, 'Игрок 476481097', 'Артём', 'Бариев', 107133.217, 0, NULL, 0, NULL, NULL, 8, '2019-06-20 17:51:39', '11', '10.000', NULL, NULL, NULL, NULL, NULL, NULL, NULL, NULL, NULL, NULL, NULL, NULL, NULL, NULL, NULL, NULL, NULL, NULL, NULL, NULL, NULL, NULL, NULL, NULL, NULL, NULL, NULL, NULL, NULL, NULL, NULL, NULL, NULL, NULL, NULL, NULL, NULL, NULL, NULL, NULL, NULL, NULL, NULL, NULL, NULL, NULL, NULL, NULL, NULL, NULL, NULL, NULL, NULL, NULL, NULL, NULL, NULL, NULL, NULL, NULL, NULL, NULL, NULL, NULL),
(20, 239267665, 'Игрок 239267665', 'Алина', 'Захарова', 47242.522, 0, NULL, 0, NULL, NULL, 8, '2019-06-20 14:34:00', '0.001', '24.412', NULL, NULL, NULL, NULL, NULL, NULL, NULL, NULL, NULL, NULL, NULL, NULL, NULL, NULL, NULL, NULL, NULL, NULL, NULL, NULL, NULL, NULL, NULL, NULL, NULL, NULL, NULL, NULL, NULL, NULL, NULL, NULL, NULL, NULL, NULL, NULL, NULL, NULL, NULL, NULL, NULL, NULL, NULL, NULL, NULL, NULL, NULL, NULL, NULL, NULL, NULL, NULL, NULL, NULL, NULL, NULL, NULL, NULL, NULL, NULL, NULL, NULL, NULL, NULL),
(21, 526396291, 'MC голубь', 'Данил', 'Данилов', 1056.475, 0, NULL, 0, NULL, NULL, 0, '2019-06-20 18:17:24', '4.803', '10.881', NULL, NULL, NULL, NULL, NULL, NULL, NULL, NULL, NULL, NULL, NULL, NULL, NULL, NULL, NULL, NULL, NULL, NULL, NULL, NULL, NULL, NULL, NULL, NULL, NULL, NULL, NULL, NULL, NULL, NULL, NULL, NULL, NULL, NULL, NULL, NULL, NULL, NULL, NULL, NULL, NULL, NULL, NULL, NULL, NULL, NULL, NULL, NULL, NULL, NULL, NULL, NULL, NULL, NULL, NULL, NULL, NULL, NULL, NULL, NULL, NULL, NULL, NULL, NULL),
(22, 381017308, 'Игрок 381017308', 'Іра', 'Тихомирова', 2.928, 0, NULL, 0, NULL, NULL, 8, '2019-06-20 13:46:54', '0.001', '0.001', NULL, NULL, NULL, NULL, NULL, NULL, NULL, NULL, NULL, NULL, NULL, NULL, NULL, NULL, NULL, NULL, NULL, NULL, NULL, NULL, NULL, NULL, NULL, NULL, NULL, NULL, NULL, NULL, NULL, NULL, NULL, NULL, NULL, NULL, NULL, NULL, NULL, NULL, NULL, NULL, NULL, NULL, NULL, NULL, NULL, NULL, NULL, NULL, NULL, NULL, NULL, NULL, NULL, NULL, NULL, NULL, NULL, NULL, NULL, NULL, NULL, NULL, NULL, NULL),
(23, 163352425, 'Игрок 163352425', 'Павел', 'Король', 17085.493, 0, NULL, 0, NULL, NULL, 0, NULL, '31.2', '15.02', NULL, NULL, NULL, NULL, NULL, NULL, NULL, NULL, NULL, NULL, NULL, NULL, NULL, NULL, NULL, NULL, NULL, NULL, NULL, NULL, NULL, NULL, NULL, NULL, NULL, NULL, NULL, NULL, NULL, NULL, NULL, NULL, NULL, NULL, NULL, NULL, NULL, NULL, NULL, NULL, NULL, NULL, NULL, NULL, NULL, NULL, NULL, NULL, NULL, NULL, NULL, NULL, NULL, NULL, NULL, NULL, NULL, NULL, NULL, NULL, NULL, NULL, NULL, NULL),
(24, 264230434, 'Игрок 264230434', 'Денис', 'Харенко', 0.974, 0, NULL, 0, NULL, NULL, 8, '2019-06-20 13:48:05', '0.001', '0.001', NULL, NULL, NULL, NULL, NULL, NULL, NULL, NULL, NULL, NULL, NULL, NULL, NULL, NULL, NULL, NULL, NULL, NULL, NULL, NULL, NULL, NULL, NULL, NULL, NULL, NULL, NULL, NULL, NULL, NULL, NULL, NULL, NULL, NULL, NULL, NULL, NULL, NULL, NULL, NULL, NULL, NULL, NULL, NULL, NULL, NULL, NULL, NULL, NULL, NULL, NULL, NULL, NULL, NULL, NULL, NULL, NULL, NULL, NULL, NULL, NULL, NULL, NULL, NULL),
(25, 415324812, 'Игрок 415324812', 'Дмитрий', 'Чечин', 4.518, 0, NULL, 0, NULL, NULL, 0, NULL, '0.001', '0.005', NULL, NULL, NULL, NULL, NULL, NULL, NULL, NULL, NULL, NULL, NULL, NULL, NULL, NULL, NULL, NULL, NULL, NULL, NULL, NULL, NULL, NULL, NULL, NULL, NULL, NULL, NULL, NULL, NULL, NULL, NULL, NULL, NULL, NULL, NULL, NULL, NULL, NULL, NULL, NULL, NULL, NULL, NULL, NULL, NULL, NULL, NULL, NULL, NULL, NULL, NULL, NULL, NULL, NULL, NULL, NULL, NULL, NULL, NULL, NULL, NULL, NULL, NULL, NULL),
(26, 303106332, 'Игрок 303106332', 'Дима', 'Цымановский', 0.21, 0, NULL, 0, NULL, NULL, 0, NULL, '0.001', '0.001', NULL, NULL, NULL, NULL, NULL, NULL, NULL, NULL, NULL, NULL, NULL, NULL, NULL, NULL, NULL, NULL, NULL, NULL, NULL, NULL, NULL, NULL, NULL, NULL, NULL, NULL, NULL, NULL, NULL, NULL, NULL, NULL, NULL, NULL, NULL, NULL, NULL, NULL, NULL, NULL, NULL, NULL, NULL, NULL, NULL, NULL, NULL, NULL, NULL, NULL, NULL, NULL, NULL, NULL, NULL, NULL, NULL, NULL, NULL, NULL, NULL, NULL, NULL, NULL),
(27, 440437143, 'Pashel_nahuy', 'Артём', 'Унтилов', 590.925, 0, NULL, 1, '2019-06-20 15:52:54', NULL, 8, NULL, '1.082', '4.941', NULL, NULL, NULL, NULL, NULL, NULL, NULL, NULL, NULL, NULL, NULL, NULL, NULL, NULL, NULL, NULL, NULL, NULL, NULL, NULL, NULL, NULL, NULL, NULL, NULL, NULL, NULL, NULL, NULL, NULL, NULL, NULL, NULL, NULL, NULL, NULL, NULL, NULL, NULL, NULL, NULL, NULL, NULL, NULL, NULL, NULL, NULL, NULL, NULL, NULL, NULL, NULL, NULL, NULL, NULL, NULL, NULL, NULL, NULL, NULL, NULL, NULL, NULL, NULL),
(28, 347443935, 'Артём Иванов', 'Артем', 'Иванов', 131086.363, 0, NULL, 1, '2019-06-20 18:11:31', NULL, 0, NULL, '5.496', '17.565', NULL, NULL, NULL, NULL, NULL, NULL, NULL, NULL, NULL, NULL, NULL, NULL, NULL, NULL, NULL, NULL, NULL, NULL, NULL, NULL, NULL, NULL, NULL, NULL, NULL, NULL, NULL, NULL, NULL, NULL, NULL, NULL, NULL, NULL, NULL, NULL, NULL, NULL, NULL, NULL, NULL, NULL, NULL, NULL, NULL, NULL, NULL, NULL, NULL, NULL, NULL, NULL, NULL, NULL, NULL, NULL, NULL, NULL, NULL, NULL, NULL, NULL, NULL, NULL),
(29, 516361009, 'Игрок 516361009', 'Андрей', 'Данилин', 0.002, 0, NULL, 0, NULL, NULL, 1, NULL, '0.001', '9.469', NULL, NULL, NULL, NULL, NULL, NULL, NULL, NULL, NULL, NULL, NULL, NULL, NULL, NULL, NULL, NULL, NULL, NULL, NULL, NULL, NULL, NULL, NULL, NULL, NULL, NULL, NULL, NULL, NULL, NULL, NULL, NULL, NULL, NULL, NULL, NULL, NULL, NULL, NULL, NULL, NULL, NULL, NULL, NULL, NULL, NULL, NULL, NULL, NULL, NULL, NULL, NULL, NULL, NULL, NULL, NULL, NULL, NULL, NULL, NULL, NULL, NULL, NULL, NULL),
(32, 431186452, 'Игрок 431186452', 'Влад', 'Яковлев', 5003.526, 0, NULL, 0, NULL, NULL, 0, NULL, '0.001', '0.001', NULL, NULL, 'Никита Анисимов', 10, 446382340, 5000, 'Никита Анисимов', 446382340, 5000, 'Никита Анисимов', 446382340, 5000, 'Никита Анисимов', 446382340, 5000, 'Никита Анисимов', 446382340, 5000, 'Никита Анисимов', 446382340, 5000, 'Никита Анисимов', 446382340, 5000, 'Никита Анисимов', 446382340, 5000, 'Никита Анисимов', 446382340, 5000, 'Никита Анисимов', 446382340, 5000, NULL, NULL, NULL, NULL, NULL, NULL, NULL, NULL, NULL, NULL, NULL, NULL, NULL, NULL, NULL, NULL, NULL, NULL, NULL, NULL, NULL, NULL, NULL, NULL, NULL, NULL, NULL, NULL, NULL, NULL, NULL),
(33, 461917748, 'Игрок 461917748', 'Евгения', 'Евгеневна', 0.043, 0, NULL, 0, NULL, NULL, 0, NULL, '0.001', '0.001', NULL, NULL, NULL, NULL, NULL, NULL, NULL, NULL, NULL, NULL, NULL, NULL, NULL, NULL, NULL, NULL, NULL, NULL, NULL, NULL, NULL, NULL, NULL, NULL, NULL, NULL, NULL, NULL, NULL, NULL, NULL, NULL, NULL, NULL, NULL, NULL, NULL, NULL, NULL, NULL, NULL, NULL, NULL, NULL, NULL, NULL, NULL, NULL, NULL, NULL, NULL, NULL, NULL, NULL, NULL, NULL, NULL, NULL, NULL, NULL, NULL, NULL, NULL, NULL),
(34, 536424201, 'Игрок 536424201', 'Даниил', 'Спорыхин', 0.224, 0, NULL, 0, NULL, NULL, 0, NULL, '0.001', '0.001', NULL, NULL, NULL, NULL, NULL, NULL, NULL, NULL, NULL, NULL, NULL, NULL, NULL, NULL, NULL, NULL, NULL, NULL, NULL, NULL, NULL, NULL, NULL, NULL, NULL, NULL, NULL, NULL, NULL, NULL, NULL, NULL, NULL, NULL, NULL, NULL, NULL, NULL, NULL, NULL, NULL, NULL, NULL, NULL, NULL, NULL, NULL, NULL, NULL, NULL, NULL, NULL, NULL, NULL, NULL, NULL, NULL, NULL, NULL, NULL, NULL, NULL, NULL, NULL),
(35, 242145195, 'Игрок 242145195', 'Дима', 'Котов', 1.349, 0, NULL, 0, NULL, NULL, 0, NULL, '0.003', '0.004', NULL, NULL, NULL, NULL, NULL, NULL, NULL, NULL, NULL, NULL, NULL, NULL, NULL, NULL, NULL, NULL, NULL, NULL, NULL, NULL, NULL, NULL, NULL, NULL, NULL, NULL, NULL, NULL, NULL, NULL, NULL, NULL, NULL, NULL, NULL, NULL, NULL, NULL, NULL, NULL, NULL, NULL, NULL, NULL, NULL, NULL, NULL, NULL, NULL, NULL, NULL, NULL, NULL, NULL, NULL, NULL, NULL, NULL, NULL, NULL, NULL, NULL, NULL, NULL),
(36, 426706698, 'Игрок 426706698', 'Илья', 'Петров', 2.492, 0, NULL, 0, NULL, NULL, 8, '2019-06-20 15:05:41', '0.001', '0.001', NULL, NULL, NULL, NULL, NULL, NULL, NULL, NULL, NULL, NULL, NULL, NULL, NULL, NULL, NULL, NULL, NULL, NULL, NULL, NULL, NULL, NULL, NULL, NULL, NULL, NULL, NULL, NULL, NULL, NULL, NULL, NULL, NULL, NULL, NULL, NULL, NULL, NULL, NULL, NULL, NULL, NULL, NULL, NULL, NULL, NULL, NULL, NULL, NULL, NULL, NULL, NULL, NULL, NULL, NULL, NULL, NULL, NULL, NULL, NULL, NULL, NULL, NULL, NULL),
(37, 446382340, 'Игрок 446382340', 'Никита', 'Анисимов', 383545.498, 0, NULL, 1, '2019-06-20 18:21:03', NULL, 1, '2019-06-20 18:20:57', '50.632', '26.111', NULL, NULL, NULL, NULL, NULL, NULL, NULL, NULL, NULL, NULL, NULL, NULL, NULL, NULL, NULL, NULL, NULL, NULL, NULL, NULL, NULL, NULL, NULL, NULL, NULL, NULL, NULL, NULL, NULL, NULL, NULL, NULL, NULL, 'Влад Яковлев', 10, 431186452, 5000, 'Влад Яковлев', 431186452, 5000, 'Влад Яковлев', 431186452, 5000, 'Влад Яковлев', 431186452, 5000, 'Влад Яковлев', 431186452, 5000, 'Влад Яковлев', 431186452, 5000, 'Влад Яковлев', 431186452, 5000, 'Влад Яковлев', 431186452, 5000, 'Влад Яковлев', 431186452, 5000, 'Влад Яковлев', 431186452, 5000),
(38, 262832408, 'Игрок 262832408', 'Вячеслав', 'Мозоров', 3.895, 0, NULL, 0, NULL, NULL, 0, NULL, '0.001', '0.001', NULL, NULL, NULL, NULL, NULL, NULL, NULL, NULL, NULL, NULL, NULL, NULL, NULL, NULL, NULL, NULL, NULL, NULL, NULL, NULL, NULL, NULL, NULL, NULL, NULL, NULL, NULL, NULL, NULL, NULL, NULL, NULL, NULL, NULL, NULL, NULL, NULL, NULL, NULL, NULL, NULL, NULL, NULL, NULL, NULL, NULL, NULL, NULL, NULL, NULL, NULL, NULL, NULL, NULL, NULL, NULL, NULL, NULL, NULL, NULL, NULL, NULL, NULL, NULL),
(39, 452173415, 'Игрок 452173415', 'Игорь', 'Мирный', 24652.969, 0, NULL, 0, NULL, NULL, 0, NULL, '37.434', '21.159', NULL, NULL, NULL, NULL, NULL, NULL, NULL, NULL, NULL, NULL, NULL, NULL, NULL, NULL, NULL, NULL, NULL, NULL, NULL, NULL, NULL, NULL, NULL, NULL, NULL, NULL, NULL, NULL, NULL, NULL, NULL, NULL, NULL, NULL, NULL, NULL, NULL, NULL, NULL, NULL, NULL, NULL, NULL, NULL, NULL, NULL, NULL, NULL, NULL, NULL, NULL, NULL, NULL, NULL, NULL, NULL, NULL, NULL, NULL, NULL, NULL, NULL, NULL, NULL),
(40, 283519313, 'Игрок 283519313', 'Алексей', 'Шабалкин', 0.316, 0, NULL, 0, NULL, NULL, 0, NULL, '0.001', '0.001', NULL, NULL, NULL, NULL, NULL, NULL, NULL, NULL, NULL, NULL, NULL, NULL, NULL, NULL, NULL, NULL, NULL, NULL, NULL, NULL, NULL, NULL, NULL, NULL, NULL, NULL, NULL, NULL, NULL, NULL, NULL, NULL, NULL, NULL, NULL, NULL, NULL, NULL, NULL, NULL, NULL, NULL, NULL, NULL, NULL, NULL, NULL, NULL, NULL, NULL, NULL, NULL, NULL, NULL, NULL, NULL, NULL, NULL, NULL, NULL, NULL, NULL, NULL, NULL),
(41, 428048471, 'Игрок 428048471', 'Алина', 'Суяргулова', 0.154, 0, NULL, 0, NULL, NULL, 0, NULL, '0.001', '0.001', NULL, NULL, NULL, NULL, NULL, NULL, NULL, NULL, NULL, NULL, NULL, NULL, NULL, NULL, NULL, NULL, NULL, NULL, NULL, NULL, NULL, NULL, NULL, NULL, NULL, NULL, NULL, NULL, NULL, NULL, NULL, NULL, NULL, NULL, NULL, NULL, NULL, NULL, NULL, NULL, NULL, NULL, NULL, NULL, NULL, NULL, NULL, NULL, NULL, NULL, NULL, NULL, NULL, NULL, NULL, NULL, NULL, NULL, NULL, NULL, NULL, NULL, NULL, NULL),
(42, 359538516, 'Игрок 359538516', 'Никита', 'Прозоровский', 3416.734, 0, NULL, 0, NULL, NULL, 0, NULL, '7.803', '3.909', NULL, NULL, NULL, NULL, NULL, NULL, NULL, NULL, NULL, NULL, NULL, NULL, NULL, NULL, NULL, NULL, NULL, NULL, NULL, NULL, NULL, NULL, NULL, NULL, NULL, NULL, NULL, NULL, NULL, NULL, NULL, NULL, NULL, NULL, NULL, NULL, NULL, NULL, NULL, NULL, NULL, NULL, NULL, NULL, NULL, NULL, NULL, NULL, NULL, NULL, NULL, NULL, NULL, NULL, NULL, NULL, NULL, NULL, NULL, NULL, NULL, NULL, NULL, NULL),
(43, 217578818, 'Игрок 217578818', 'Егор', 'Махновский', 0.866, 0, NULL, 0, NULL, NULL, 0, NULL, '0.001', '0.001', NULL, NULL, NULL, NULL, NULL, NULL, NULL, NULL, NULL, NULL, NULL, NULL, NULL, NULL, NULL, NULL, NULL, NULL, NULL, NULL, NULL, NULL, NULL, NULL, NULL, NULL, NULL, NULL, NULL, NULL, NULL, NULL, NULL, NULL, NULL, NULL, NULL, NULL, NULL, NULL, NULL, NULL, NULL, NULL, NULL, NULL, NULL, NULL, NULL, NULL, NULL, NULL, NULL, NULL, NULL, NULL, NULL, NULL, NULL, NULL, NULL, NULL, NULL, NULL),
(44, 509639332, 'Игрок 509639332', 'Рина', 'Урусова', 0.257, 0, NULL, 0, NULL, NULL, 0, NULL, '0.001', '0.001', NULL, NULL, NULL, NULL, NULL, NULL, NULL, NULL, NULL, NULL, NULL, NULL, NULL, NULL, NULL, NULL, NULL, NULL, NULL, NULL, NULL, NULL, NULL, NULL, NULL, NULL, NULL, NULL, NULL, NULL, NULL, NULL, NULL, NULL, NULL, NULL, NULL, NULL, NULL, NULL, NULL, NULL, NULL, NULL, NULL, NULL, NULL, NULL, NULL, NULL, NULL, NULL, NULL, NULL, NULL, NULL, NULL, NULL, NULL, NULL, NULL, NULL, NULL, NULL),
(45, 366213175, 'Игрок 366213175', 'Zakir', 'Nurbagandov', 2700.629, 0, NULL, 0, NULL, NULL, 0, NULL, '4.723', '7.516', NULL, NULL, NULL, NULL, NULL, NULL, NULL, NULL, NULL, NULL, NULL, NULL, NULL, NULL, NULL, NULL, NULL, NULL, NULL, NULL, NULL, NULL, NULL, NULL, NULL, NULL, NULL, NULL, NULL, NULL, NULL, NULL, NULL, NULL, NULL, NULL, NULL, NULL, NULL, NULL, NULL, NULL, NULL, NULL, NULL, NULL, NULL, NULL, NULL, NULL, NULL, NULL, NULL, NULL, NULL, NULL, NULL, NULL, NULL, NULL, NULL, NULL, NULL, NULL),
(46, 401292703, 'Игрок 401292703', 'Артем', 'Марков', 0.892, 0, NULL, 0, NULL, NULL, 0, NULL, '0.001', '0.001', NULL, NULL, NULL, NULL, NULL, NULL, NULL, NULL, NULL, NULL, NULL, NULL, NULL, NULL, NULL, NULL, NULL, NULL, NULL, NULL, NULL, NULL, NULL, NULL, NULL, NULL, NULL, NULL, NULL, NULL, NULL, NULL, NULL, NULL, NULL, NULL, NULL, NULL, NULL, NULL, NULL, NULL, NULL, NULL, NULL, NULL, NULL, NULL, NULL, NULL, NULL, NULL, NULL, NULL, NULL, NULL, NULL, NULL, NULL, NULL, NULL, NULL, NULL, NULL),
(47, 254439633, 'Игрок 254439633', 'Данил', 'Горбунов', 0.047, 0, NULL, 0, NULL, NULL, 0, NULL, '0.001', '0.001', NULL, NULL, NULL, NULL, NULL, NULL, NULL, NULL, NULL, NULL, NULL, NULL, NULL, NULL, NULL, NULL, NULL, NULL, NULL, NULL, NULL, NULL, NULL, NULL, NULL, NULL, NULL, NULL, NULL, NULL, NULL, NULL, NULL, NULL, NULL, NULL, NULL, NULL, NULL, NULL, NULL, NULL, NULL, NULL, NULL, NULL, NULL, NULL, NULL, NULL, NULL, NULL, NULL, NULL, NULL, NULL, NULL, NULL, NULL, NULL, NULL, NULL, NULL, NULL),
(48, 75767199, 'Игрок 75767199', 'Роман', 'Ярмов', 0.878, 0, NULL, 0, NULL, NULL, 0, NULL, '0.03', '0.001', NULL, NULL, NULL, NULL, NULL, NULL, NULL, NULL, NULL, NULL, NULL, NULL, NULL, NULL, NULL, NULL, NULL, NULL, NULL, NULL, NULL, NULL, NULL, NULL, NULL, NULL, NULL, NULL, NULL, NULL, NULL, NULL, NULL, NULL, NULL, NULL, NULL, NULL, NULL, NULL, NULL, NULL, NULL, NULL, NULL, NULL, NULL, NULL, NULL, NULL, NULL, NULL, NULL, NULL, NULL, NULL, NULL, NULL, NULL, NULL, NULL, NULL, NULL, NULL),
(49, 492114787, 'Игрок 492114787', 'Yury', 'Nevsky', 0.067, 0, NULL, 0, NULL, NULL, 0, NULL, '0.001', '0.001', NULL, NULL, NULL, NULL, NULL, NULL, NULL, NULL, NULL, NULL, NULL, NULL, NULL, NULL, NULL, NULL, NULL, NULL, NULL, NULL, NULL, NULL, NULL, NULL, NULL, NULL, NULL, NULL, NULL, NULL, NULL, NULL, NULL, NULL, NULL, NULL, NULL, NULL, NULL, NULL, NULL, NULL, NULL, NULL, NULL, NULL, NULL, NULL, NULL, NULL, NULL, NULL, NULL, NULL, NULL, NULL, NULL, NULL, NULL, NULL, NULL, NULL, NULL, NULL),
(50, 505840147, 'Стас', 'Стас', 'Корженовский', 2495.768, 0, NULL, 1, '2019-06-20 16:18:53', NULL, 0, NULL, '3.855', '6.965', NULL, NULL, NULL, NULL, NULL, NULL, NULL, NULL, NULL, NULL, NULL, NULL, NULL, NULL, NULL, NULL, NULL, NULL, NULL, NULL, NULL, NULL, NULL, NULL, NULL, NULL, NULL, NULL, NULL, NULL, NULL, NULL, NULL, NULL, NULL, NULL, NULL, NULL, NULL, NULL, NULL, NULL, NULL, NULL, NULL, NULL, NULL, NULL, NULL, NULL, NULL, NULL, NULL, NULL, NULL, NULL, NULL, NULL, NULL, NULL, NULL, NULL, NULL, NULL),
(51, 351656545, 'Игрок 351656545', 'Кирилл', 'Воробей', 0.301, 0, NULL, 0, NULL, NULL, 0, NULL, '0.001', '0.001', NULL, NULL, NULL, NULL, NULL, NULL, NULL, NULL, NULL, NULL, NULL, NULL, NULL, NULL, NULL, NULL, NULL, NULL, NULL, NULL, NULL, NULL, NULL, NULL, NULL, NULL, NULL, NULL, NULL, NULL, NULL, NULL, NULL, NULL, NULL, NULL, NULL, NULL, NULL, NULL, NULL, NULL, NULL, NULL, NULL, NULL, NULL, NULL, NULL, NULL, NULL, NULL, NULL, NULL, NULL, NULL, NULL, NULL, NULL, NULL, NULL, NULL, NULL, NULL),
(52, 461996996, 'Игрок 461996996', 'Артем', 'Слободяник', 1.749, 0, NULL, 0, NULL, NULL, 0, NULL, '0.005', '0.001', NULL, NULL, NULL, NULL, NULL, NULL, NULL, NULL, NULL, NULL, NULL, NULL, NULL, NULL, NULL, NULL, NULL, NULL, NULL, NULL, NULL, NULL, NULL, NULL, NULL, NULL, NULL, NULL, NULL, NULL, NULL, NULL, NULL, NULL, NULL, NULL, NULL, NULL, NULL, NULL, NULL, NULL, NULL, NULL, NULL, NULL, NULL, NULL, NULL, NULL, NULL, NULL, NULL, NULL, NULL, NULL, NULL, NULL, NULL, NULL, NULL, NULL, NULL, NULL),
(53, 91705984, 'Игрок 91705984', 'Игорь', 'Савин', 526.928, 0, NULL, 0, NULL, NULL, 0, NULL, '0.001', '2.182', NULL, NULL, NULL, NULL, NULL, NULL, NULL, NULL, NULL, NULL, NULL, NULL, NULL, NULL, NULL, NULL, NULL, NULL, NULL, NULL, NULL, NULL, NULL, NULL, NULL, NULL, NULL, NULL, NULL, NULL, NULL, NULL, NULL, NULL, NULL, NULL, NULL, NULL, NULL, NULL, NULL, NULL, NULL, NULL, NULL, NULL, NULL, NULL, NULL, NULL, NULL, NULL, NULL, NULL, NULL, NULL, NULL, NULL, NULL, NULL, NULL, NULL, NULL, NULL),
(54, 419839893, 'Игрок 419839893', 'Shahmardan', 'Shamilov', 0.05, 0, NULL, 0, NULL, NULL, 0, NULL, '0.003', '0.001', NULL, NULL, NULL, NULL, NULL, NULL, NULL, NULL, NULL, NULL, NULL, NULL, NULL, NULL, NULL, NULL, NULL, NULL, NULL, NULL, NULL, NULL, NULL, NULL, NULL, NULL, NULL, NULL, NULL, NULL, NULL, NULL, NULL, NULL, NULL, NULL, NULL, NULL, NULL, NULL, NULL, NULL, NULL, NULL, NULL, NULL, NULL, NULL, NULL, NULL, NULL, NULL, NULL, NULL, NULL, NULL, NULL, NULL, NULL, NULL, NULL, NULL, NULL, NULL),
(55, 104840060, 'Игрок 104840060', 'Никита', 'Иванов', 0.083, 0, NULL, 0, NULL, NULL, 0, NULL, '0.001', '0.001', NULL, NULL, NULL, NULL, NULL, NULL, NULL, NULL, NULL, NULL, NULL, NULL, NULL, NULL, NULL, NULL, NULL, NULL, NULL, NULL, NULL, NULL, NULL, NULL, NULL, NULL, NULL, NULL, NULL, NULL, NULL, NULL, NULL, NULL, NULL, NULL, NULL, NULL, NULL, NULL, NULL, NULL, NULL, NULL, NULL, NULL, NULL, NULL, NULL, NULL, NULL, NULL, NULL, NULL, NULL, NULL, NULL, NULL, NULL, NULL, NULL, NULL, NULL, NULL),
(56, 483302234, 'Игрок 483302234', 'Никита', 'Кузьмичев', 0.278, 0, NULL, 0, NULL, NULL, 0, NULL, '0.001', '0.002', NULL, NULL, NULL, NULL, NULL, NULL, NULL, NULL, NULL, NULL, NULL, NULL, NULL, NULL, NULL, NULL, NULL, NULL, NULL, NULL, NULL, NULL, NULL, NULL, NULL, NULL, NULL, NULL, NULL, NULL, NULL, NULL, NULL, NULL, NULL, NULL, NULL, NULL, NULL, NULL, NULL, NULL, NULL, NULL, NULL, NULL, NULL, NULL, NULL, NULL, NULL, NULL, NULL, NULL, NULL, NULL, NULL, NULL, NULL, NULL, NULL, NULL, NULL, NULL),
(57, 222389191, 'Игрок 222389191', 'Максим', 'Кучменко', 1.665, 0, NULL, 0, NULL, NULL, 0, NULL, '0.005', '0.005', NULL, NULL, NULL, NULL, NULL, NULL, NULL, NULL, NULL, NULL, NULL, NULL, NULL, NULL, NULL, NULL, NULL, NULL, NULL, NULL, NULL, NULL, NULL, NULL, NULL, NULL, NULL, NULL, NULL, NULL, NULL, NULL, NULL, NULL, NULL, NULL, NULL, NULL, NULL, NULL, NULL, NULL, NULL, NULL, NULL, NULL, NULL, NULL, NULL, NULL, NULL, NULL, NULL, NULL, NULL, NULL, NULL, NULL, NULL, NULL, NULL, NULL, NULL, NULL),
(58, 413021830, 'Игрок 413021830', 'Владислав', 'Яцик', 0.248, 0, NULL, 0, NULL, NULL, 0, NULL, '0.001', '0.001', NULL, NULL, NULL, NULL, NULL, NULL, NULL, NULL, NULL, NULL, NULL, NULL, NULL, NULL, NULL, NULL, NULL, NULL, NULL, NULL, NULL, NULL, NULL, NULL, NULL, NULL, NULL, NULL, NULL, NULL, NULL, NULL, NULL, NULL, NULL, NULL, NULL, NULL, NULL, NULL, NULL, NULL, NULL, NULL, NULL, NULL, NULL, NULL, NULL, NULL, NULL, NULL, NULL, NULL, NULL, NULL, NULL, NULL, NULL, NULL, NULL, NULL, NULL, NULL),
(59, 376971745, 'Игрок 376971745', 'Дастан', 'Бажаков', 413827.493, 0, NULL, 5, '2019-06-20 18:23:33', NULL, 0, NULL, '23.139', '12.762', NULL, NULL, NULL, NULL, NULL, NULL, NULL, NULL, NULL, NULL, NULL, NULL, NULL, NULL, NULL, NULL, NULL, NULL, NULL, NULL, NULL, NULL, NULL, NULL, NULL, NULL, NULL, NULL, NULL, NULL, NULL, NULL, NULL, NULL, NULL, NULL, NULL, NULL, NULL, NULL, NULL, NULL, NULL, NULL, NULL, NULL, NULL, NULL, NULL, NULL, NULL, NULL, NULL, NULL, NULL, NULL, NULL, NULL, NULL, NULL, NULL, NULL, NULL, NULL),
(60, 61868988, 'Игрок 61868988', 'Станислав', 'Мамонов', 0.279, 0, NULL, 0, NULL, NULL, 0, NULL, '0.001', '0.001', NULL, NULL, NULL, NULL, NULL, NULL, NULL, NULL, NULL, NULL, NULL, NULL, NULL, NULL, NULL, NULL, NULL, NULL, NULL, NULL, NULL, NULL, NULL, NULL, NULL, NULL, NULL, NULL, NULL, NULL, NULL, NULL, NULL, NULL, NULL, NULL, NULL, NULL, NULL, NULL, NULL, NULL, NULL, NULL, NULL, NULL, NULL, NULL, NULL, NULL, NULL, NULL, NULL, NULL, NULL, NULL, NULL, NULL, NULL, NULL, NULL, NULL, NULL, NULL),
(61, 358836677, 'Игрок 358836677', 'Кирилл', 'Кодов', 5285.407, 0, NULL, 0, NULL, NULL, 0, NULL, '1.286', '15.329', NULL, NULL, NULL, NULL, NULL, NULL, NULL, NULL, NULL, NULL, NULL, NULL, NULL, NULL, NULL, NULL, NULL, NULL, NULL, NULL, NULL, NULL, NULL, NULL, NULL, NULL, NULL, NULL, NULL, NULL, NULL, NULL, NULL, NULL, NULL, NULL, NULL, NULL, NULL, NULL, NULL, NULL, NULL, NULL, NULL, NULL, NULL, NULL, NULL, NULL, NULL, NULL, NULL, NULL, NULL, NULL, NULL, NULL, NULL, NULL, NULL, NULL, NULL, NULL),
(62, 286970290, 'Игрок 286970290', 'Даниил', 'Узлов', 2.716, 0, NULL, 0, NULL, NULL, 0, NULL, '0.001', '0.003', NULL, NULL, NULL, NULL, NULL, NULL, NULL, NULL, NULL, NULL, NULL, NULL, NULL, NULL, NULL, NULL, NULL, NULL, NULL, NULL, NULL, NULL, NULL, NULL, NULL, NULL, NULL, NULL, NULL, NULL, NULL, NULL, NULL, NULL, NULL, NULL, NULL, NULL, NULL, NULL, NULL, NULL, NULL, NULL, NULL, NULL, NULL, NULL, NULL, NULL, NULL, NULL, NULL, NULL, NULL, NULL, NULL, NULL, NULL, NULL, NULL, NULL, NULL, NULL),
(63, 430860771, 'Игрок 430860771', 'Казимир', 'Петров', 0.382, 0, NULL, 0, NULL, NULL, 0, NULL, '0.001', '0.001', NULL, NULL, NULL, NULL, NULL, NULL, NULL, NULL, NULL, NULL, NULL, NULL, NULL, NULL, NULL, NULL, NULL, NULL, NULL, NULL, NULL, NULL, NULL, NULL, NULL, NULL, NULL, NULL, NULL, NULL, NULL, NULL, NULL, NULL, NULL, NULL, NULL, NULL, NULL, NULL, NULL, NULL, NULL, NULL, NULL, NULL, NULL, NULL, NULL, NULL, NULL, NULL, NULL, NULL, NULL, NULL, NULL, NULL, NULL, NULL, NULL, NULL, NULL, NULL),
(64, 331979963, 'Игрок 331979963', 'Владислав', 'Шумилов', 0.047, 0, NULL, 0, NULL, NULL, 0, NULL, '0.001', '0.001', NULL, NULL, NULL, NULL, NULL, NULL, NULL, NULL, NULL, NULL, NULL, NULL, NULL, NULL, NULL, NULL, NULL, NULL, NULL, NULL, NULL, NULL, NULL, NULL, NULL, NULL, NULL, NULL, NULL, NULL, NULL, NULL, NULL, NULL, NULL, NULL, NULL, NULL, NULL, NULL, NULL, NULL, NULL, NULL, NULL, NULL, NULL, NULL, NULL, NULL, NULL, NULL, NULL, NULL, NULL, NULL, NULL, NULL, NULL, NULL, NULL, NULL, NULL, NULL),
(65, 336672960, 'Игрок 336672960', 'Роман', 'Пикулик', 169.57, 0, NULL, 0, NULL, NULL, 0, NULL, '0.002', '3.486', NULL, NULL, NULL, NULL, NULL, NULL, NULL, NULL, NULL, NULL, NULL, NULL, NULL, NULL, NULL, NULL, NULL, NULL, NULL, NULL, NULL, NULL, NULL, NULL, NULL, NULL, NULL, NULL, NULL, NULL, NULL, NULL, NULL, NULL, NULL, NULL, NULL, NULL, NULL, NULL, NULL, NULL, NULL, NULL, NULL, NULL, NULL, NULL, NULL, NULL, NULL, NULL, NULL, NULL, NULL, NULL, NULL, NULL, NULL, NULL, NULL, NULL, NULL, NULL),
(66, 436062586, 'Игрок 436062586', 'Саня', 'Ерохин', 23163.048, 0, NULL, 1, NULL, NULL, 0, NULL, '13.301', '21.953', NULL, NULL, NULL, NULL, NULL, NULL, NULL, NULL, NULL, NULL, NULL, NULL, NULL, NULL, NULL, NULL, NULL, NULL, NULL, NULL, NULL, NULL, NULL, NULL, NULL, NULL, NULL, NULL, NULL, NULL, NULL, NULL, NULL, NULL, NULL, NULL, NULL, NULL, NULL, NULL, NULL, NULL, NULL, NULL, NULL, NULL, NULL, NULL, NULL, NULL, NULL, NULL, NULL, NULL, NULL, NULL, NULL, NULL, NULL, NULL, NULL, NULL, NULL, NULL),
(67, 442851749, 'Игрок 442851749', 'Саркис', 'Гейвандов', 0.788, 0, NULL, 0, NULL, NULL, 0, NULL, '0.006', '0.001', NULL, NULL, NULL, NULL, NULL, NULL, NULL, NULL, NULL, NULL, NULL, NULL, NULL, NULL, NULL, NULL, NULL, NULL, NULL, NULL, NULL, NULL, NULL, NULL, NULL, NULL, NULL, NULL, NULL, NULL, NULL, NULL, NULL, NULL, NULL, NULL, NULL, NULL, NULL, NULL, NULL, NULL, NULL, NULL, NULL, NULL, NULL, NULL, NULL, NULL, NULL, NULL, NULL, NULL, NULL, NULL, NULL, NULL, NULL, NULL, NULL, NULL, NULL, NULL),
(68, 524168831, 'Игрок 524168831', 'Кирилл', 'Штермер', 1018.973, 0, NULL, 1, NULL, NULL, 1, NULL, '35.773', '22.42', NULL, NULL, NULL, NULL, NULL, NULL, NULL, NULL, NULL, NULL, NULL, NULL, NULL, NULL, NULL, NULL, NULL, NULL, NULL, NULL, NULL, NULL, NULL, NULL, NULL, NULL, NULL, NULL, NULL, NULL, NULL, NULL, NULL, NULL, NULL, NULL, NULL, NULL, NULL, NULL, NULL, NULL, NULL, NULL, NULL, NULL, NULL, NULL, NULL, NULL, NULL, NULL, NULL, NULL, NULL, NULL, NULL, NULL, NULL, NULL, NULL, NULL, NULL, NULL),
(69, 119880085, 'Игрок 119880085', 'Дмитрий', 'Макаров', 6498.51, 0, NULL, 0, NULL, NULL, 0, NULL, '0.001', '14.629', NULL, NULL, NULL, NULL, NULL, NULL, NULL, NULL, NULL, NULL, NULL, NULL, NULL, NULL, NULL, NULL, NULL, NULL, NULL, NULL, NULL, NULL, NULL, NULL, NULL, NULL, NULL, NULL, NULL, NULL, NULL, NULL, NULL, NULL, NULL, NULL, NULL, NULL, NULL, NULL, NULL, NULL, NULL, NULL, NULL, NULL, NULL, NULL, NULL, NULL, NULL, NULL, NULL, NULL, NULL, NULL, NULL, NULL, NULL, NULL, NULL, NULL, NULL, NULL),
(70, 344038777, 'Игрок 344038777', 'Егор', 'Романов', 0.017, 0, NULL, 0, NULL, NULL, 0, NULL, '0.004', '0.001', NULL, NULL, NULL, NULL, NULL, NULL, NULL, NULL, NULL, NULL, NULL, NULL, NULL, NULL, NULL, NULL, NULL, NULL, NULL, NULL, NULL, NULL, NULL, NULL, NULL, NULL, NULL, NULL, NULL, NULL, NULL, NULL, NULL, NULL, NULL, NULL, NULL, NULL, NULL, NULL, NULL, NULL, NULL, NULL, NULL, NULL, NULL, NULL, NULL, NULL, NULL, NULL, NULL, NULL, NULL, NULL, NULL, NULL, NULL, NULL, NULL, NULL, NULL, NULL),
(71, 409084968, 'Игрок 409084968', 'Ернар', 'Кыдырбеков', 0.08, 0, NULL, 0, NULL, NULL, 0, NULL, '0.001', '0.001', NULL, NULL, NULL, NULL, NULL, NULL, NULL, NULL, NULL, NULL, NULL, NULL, NULL, NULL, NULL, NULL, NULL, NULL, NULL, NULL, NULL, NULL, NULL, NULL, NULL, NULL, NULL, NULL, NULL, NULL, NULL, NULL, NULL, NULL, NULL, NULL, NULL, NULL, NULL, NULL, NULL, NULL, NULL, NULL, NULL, NULL, NULL, NULL, NULL, NULL, NULL, NULL, NULL, NULL, NULL, NULL, NULL, NULL, NULL, NULL, NULL, NULL, NULL, NULL),
(72, 433571244, 'Игрок 433571244', 'Михаил', 'Шамков', -56936.246, 0, NULL, 0, NULL, NULL, 0, '2019-06-20 18:47:37', '0.019', '11.091', NULL, NULL, NULL, NULL, NULL, NULL, NULL, NULL, NULL, NULL, NULL, NULL, NULL, NULL, NULL, NULL, NULL, NULL, NULL, NULL, NULL, NULL, NULL, NULL, NULL, NULL, NULL, NULL, NULL, NULL, NULL, NULL, NULL, NULL, NULL, NULL, NULL, NULL, NULL, NULL, NULL, NULL, NULL, NULL, NULL, NULL, NULL, NULL, NULL, NULL, NULL, NULL, NULL, NULL, NULL, NULL, NULL, NULL, NULL, NULL, NULL, NULL, NULL, NULL),
(73, 408914887, 'Алексей Федотовских', 'Алексей', 'Федотовских', 0.169, 0, NULL, 0, NULL, NULL, 0, NULL, '0.002', '0.001', NULL, NULL, NULL, NULL, NULL, NULL, NULL, NULL, NULL, NULL, NULL, NULL, NULL, NULL, NULL, NULL, NULL, NULL, NULL, NULL, NULL, NULL, NULL, NULL, NULL, NULL, NULL, NULL, NULL, NULL, NULL, NULL, NULL, NULL, NULL, NULL, NULL, NULL, NULL, NULL, NULL, NULL, NULL, NULL, NULL, NULL, NULL, NULL, NULL, NULL, NULL, NULL, NULL, NULL, NULL, NULL, NULL, NULL, NULL, NULL, NULL, NULL, NULL, NULL),
(74, 530941218, 'Игрок 530941218', 'Митяй', 'Свинский', 0.177, 0, NULL, 0, NULL, NULL, 0, NULL, '0.002', '0.002', NULL, NULL, NULL, NULL, NULL, NULL, NULL, NULL, NULL, NULL, NULL, NULL, NULL, NULL, NULL, NULL, NULL, NULL, NULL, NULL, NULL, NULL, NULL, NULL, NULL, NULL, NULL, NULL, NULL, NULL, NULL, NULL, NULL, NULL, NULL, NULL, NULL, NULL, NULL, NULL, NULL, NULL, NULL, NULL, NULL, NULL, NULL, NULL, NULL, NULL, NULL, NULL, NULL, NULL, NULL, NULL, NULL, NULL, NULL, NULL, NULL, NULL, NULL, NULL),
(75, 443900968, 'Игрок 443900968', 'Максим', 'Хвостов', 0.317, 0, NULL, 0, NULL, NULL, 0, NULL, '0.001', '0.001', NULL, NULL, NULL, NULL, NULL, NULL, NULL, NULL, NULL, NULL, NULL, NULL, NULL, NULL, NULL, NULL, NULL, NULL, NULL, NULL, NULL, NULL, NULL, NULL, NULL, NULL, NULL, NULL, NULL, NULL, NULL, NULL, NULL, NULL, NULL, NULL, NULL, NULL, NULL, NULL, NULL, NULL, NULL, NULL, NULL, NULL, NULL, NULL, NULL, NULL, NULL, NULL, NULL, NULL, NULL, NULL, NULL, NULL, NULL, NULL, NULL, NULL, NULL, NULL),
(76, 458470058, 'Игрок 458470058', 'Никита', 'Гординов', 0.31, 0, NULL, 0, NULL, NULL, 0, NULL, '0.001', '0.001', NULL, NULL, NULL, NULL, NULL, NULL, NULL, NULL, NULL, NULL, NULL, NULL, NULL, NULL, NULL, NULL, NULL, NULL, NULL, NULL, NULL, NULL, NULL, NULL, NULL, NULL, NULL, NULL, NULL, NULL, NULL, NULL, NULL, NULL, NULL, NULL, NULL, NULL, NULL, NULL, NULL, NULL, NULL, NULL, NULL, NULL, NULL, NULL, NULL, NULL, NULL, NULL, NULL, NULL, NULL, NULL, NULL, NULL, NULL, NULL, NULL, NULL, NULL, NULL),
(77, 534909152, 'Игрок 534909152', 'Richard', 'Decart', 0.044, 0, NULL, 0, NULL, NULL, 0, NULL, '0.001', '0.001', NULL, NULL, NULL, NULL, NULL, NULL, NULL, NULL, NULL, NULL, NULL, NULL, NULL, NULL, NULL, NULL, NULL, NULL, NULL, NULL, NULL, NULL, NULL, NULL, NULL, NULL, NULL, NULL, NULL, NULL, NULL, NULL, NULL, NULL, NULL, NULL, NULL, NULL, NULL, NULL, NULL, NULL, NULL, NULL, NULL, NULL, NULL, NULL, NULL, NULL, NULL, NULL, NULL, NULL, NULL, NULL, NULL, NULL, NULL, NULL, NULL, NULL, NULL, NULL),
(78, 149200606, 'Игрок 149200606', 'Сергей', 'Сергеев', 0.088, 0, NULL, 0, NULL, NULL, 0, NULL, '0.001', '0.001', NULL, NULL, NULL, NULL, NULL, NULL, NULL, NULL, NULL, NULL, NULL, NULL, NULL, NULL, NULL, NULL, NULL, NULL, NULL, NULL, NULL, NULL, NULL, NULL, NULL, NULL, NULL, NULL, NULL, NULL, NULL, NULL, NULL, NULL, NULL, NULL, NULL, NULL, NULL, NULL, NULL, NULL, NULL, NULL, NULL, NULL, NULL, NULL, NULL, NULL, NULL, NULL, NULL, NULL, NULL, NULL, NULL, NULL, NULL, NULL, NULL, NULL, NULL, NULL),
(79, 904141, 'Игрок 904141', 'Тома', 'Мороз', 0.114, 0, NULL, 0, NULL, NULL, 0, NULL, '0.001', '0.001', NULL, NULL, NULL, NULL, NULL, NULL, NULL, NULL, NULL, NULL, NULL, NULL, NULL, NULL, NULL, NULL, NULL, NULL, NULL, NULL, NULL, NULL, NULL, NULL, NULL, NULL, NULL, NULL, NULL, NULL, NULL, NULL, NULL, NULL, NULL, NULL, NULL, NULL, NULL, NULL, NULL, NULL, NULL, NULL, NULL, NULL, NULL, NULL, NULL, NULL, NULL, NULL, NULL, NULL, NULL, NULL, NULL, NULL, NULL, NULL, NULL, NULL, NULL, NULL);

--
-- Индексы сохранённых таблиц
--

--
-- Индексы таблицы `history`
--
ALTER TABLE `history`
  ADD PRIMARY KEY (`id`);

--
-- Индексы таблицы `upgrades`
--
ALTER TABLE `upgrades`
  ADD PRIMARY KEY (`id`);

--
-- Индексы таблицы `users`
--
ALTER TABLE `users`
  ADD PRIMARY KEY (`id`),
  ADD KEY `index_foreignkey_users_user_vk` (`user_vk_id`);

--
-- AUTO_INCREMENT для сохранённых таблиц
--

--
-- AUTO_INCREMENT для таблицы `history`
--
ALTER TABLE `history`
  MODIFY `id` int(11) NOT NULL AUTO_INCREMENT, AUTO_INCREMENT=301;
--
-- AUTO_INCREMENT для таблицы `upgrades`
--
ALTER TABLE `upgrades`
  MODIFY `id` int(11) NOT NULL AUTO_INCREMENT, AUTO_INCREMENT=16;
--
-- AUTO_INCREMENT для таблицы `users`
--
ALTER TABLE `users`
  MODIFY `id` int(11) UNSIGNED NOT NULL AUTO_INCREMENT, AUTO_INCREMENT=80;
/*!40101 SET CHARACTER_SET_CLIENT=@OLD_CHARACTER_SET_CLIENT */;
/*!40101 SET CHARACTER_SET_RESULTS=@OLD_CHARACTER_SET_RESULTS */;
/*!40101 SET COLLATION_CONNECTION=@OLD_COLLATION_CONNECTION */;
